
set identity_insert [UserType] on
insert into [UserType] ([ID], [Name]) VALUES (1, 'Admin'), (2, 'Author');
set identity_insert [UserType] off

set identity_insert [Category] on
insert into [Category] ([Id], [Name]) 
values (1, 'Technology'), (2, 'Politics'), (3, 'Science'), (4, 'Cooking'), (5, 'Music'),
	   (6, 'Cthulhu Sightings'), (7, 'History'), (8, 'Home and Garden'), (9, 'Entertainment')
set identity_insert [Category] off

set identity_insert [Tag] on
insert into [Tag] ([Id], [Name])
values (1, 'C#'), (2, 'JavaScript'), (3, 'Funny'), (4, 'Scary');
set identity_insert [Tag] off

set identity_insert [UserProfile] on
insert into UserProfile (Id, FirebaseUserId, DisplayName, FirstName, LastName, Email, CreateDateTime, ImageLocation, UserTypeId) values (1, 'kjalpbpnrikloywncfofrsubewaj', 'cbyfford0', 'Candice', 'Byfford', 'cbyfford0@psu.edu', '2019-07-09', 'https://robohash.org/omnisdolorestemporibus.png?size=150x150&set=set1', 2);
insert into UserProfile (Id, FirebaseUserId, DisplayName, FirstName, LastName, Email, CreateDateTime, ImageLocation, UserTypeId) values (2, 'vbiqulhxatvqsnwigkowgsfclmdl', 'dbrockie1', 'Darsey', 'Brockie', 'dbrockie1@squidoo.com', '2020-05-04', 'https://robohash.org/eaetdistinctio.png?size=150x150&set=set1', 1);
insert into UserProfile (Id, FirebaseUserId, DisplayName, FirstName, LastName, Email, CreateDateTime, ImageLocation, UserTypeId) values (3, 'keinqtvbwbjokniurqpzqhiqfpdz', 'dlarraway2', 'Drew', 'Larraway', 'dlarraway2@reverbnation.com', '2019-10-23', 'https://robohash.org/natussitsed.png?size=150x150&set=set1', 1);
insert into UserProfile (Id, FirebaseUserId, DisplayName, FirstName, LastName, Email, CreateDateTime, ImageLocation, UserTypeId) values (4, 'xzsgnqzkckuqgigwligsvbrptxrq', 'dsasser3', 'Druci', 'Sasser', 'dsasser3@myspace.com', '2019-08-08', 'https://robohash.org/quasesteos.png?size=150x150&set=set1', 2);
insert into UserProfile (Id, FirebaseUserId, DisplayName, FirstName, LastName, Email, CreateDateTime, ImageLocation, UserTypeId) values (5, 'wtrymyhcjysrzgdgsmcecocypoat', 'pleftwich4', 'Piggy', 'Leftwich', 'pleftwich4@odnoklassniki.ru', '2019-07-09', 'https://robohash.org/quivelquia.png?size=150x150&set=set1', 1);
insert into UserProfile (Id, FirebaseUserId, DisplayName, FirstName, LastName, Email, CreateDateTime, ImageLocation, UserTypeId) values (6, 'bprnaksvlevipgiksbphehwprwmx', 'dharwin5', 'Dory', 'Harwin', 'dharwin5@huffingtonpost.com', '2020-06-09', 'https://robohash.org/verorationedolore.png?size=150x150&set=set1', 1);
insert into UserProfile (Id, FirebaseUserId, DisplayName, FirstName, LastName, Email, CreateDateTime, ImageLocation, UserTypeId) values (7, 'dmtfbstufadtcxswlhfcijybdajr', 'kbranca6', 'Kendricks', 'Branca', 'kbranca6@oaic.gov.au', '2020-06-18', 'https://robohash.org/cumqueestquaerat.png?size=150x150&set=set1', 1);
insert into UserProfile (Id, FirebaseUserId, DisplayName, FirstName, LastName, Email, CreateDateTime, ImageLocation, UserTypeId) values (8, 'leagvubfdbhlnkszcjzipiqvvgrc', 'seglington7', 'Sergent', 'Eglington', 'seglington7@paypal.com', '2019-10-29', 'https://robohash.org/temporeomnisvoluptates.png?size=150x150&set=set1', 2);
insert into UserProfile (Id, FirebaseUserId, DisplayName, FirstName, LastName, Email, CreateDateTime, ImageLocation, UserTypeId) values (9, 'ejeftpddjghyjwiqpykrhsrwxgly', 'slittley8', 'Saunderson', 'Littley', 'slittley8@wikimedia.org', '2020-05-18', 'https://robohash.org/solutaidsint.png?size=150x150&set=set1', 2);
insert into UserProfile (Id, FirebaseUserId, DisplayName, FirstName, LastName, Email, CreateDateTime, ImageLocation, UserTypeId) values (10, 'detpnxiusfzbpkixivriidphyjus', 'tgircke9', 'Toiboid', 'Gircke', 'tgircke9@latimes.com', '2019-09-19', 'https://robohash.org/quasipsumreiciendis.png?size=150x150&set=set1', 1);
set identity_insert [UserProfile] off

set identity_insert [Post] on
insert into Post (Id, Title, Content, ImageLocation, CreateDateTime, PublishDateTime, IsApproved, CategoryId, UserProfileId) values (1, 'revolutionize vertical eyeballs', 'Fusce consequat. Nulla nisl. Nunc nisl.

Duis bibendum, felis sed interdum venenatis, turpis enim blandit mi, in porttitor pede justo eu massa. Donec dapibus. Duis at velit eu est congue elementum.

In hac habitasse platea dictumst. Morbi vestibulum, velit id pretium iaculis, diam erat fermentum justo, nec condimentum neque sapien placerat ante. Nulla justo.

Aliquam quis turpis eget elit sodales scelerisque. Mauris sit amet eros. Suspendisse accumsan tortor quis turpis.

Sed ante. Vivamus tortor. Duis mattis egestas metus.

Aenean fermentum. Donec ut mauris eget massa tempor convallis. Nulla neque libero, convallis eget, eleifend luctus, ultricies eu, nibh.', 'http://dummyimage.com/728x210.png/dddddd/000000', '2020-02-19', '2020-01-25', 0, 1, 4);
insert into Post (Id, Title, Content, ImageLocation, CreateDateTime, PublishDateTime, IsApproved, CategoryId, UserProfileId) values (2, 'iterate distributed e-services', 'Nullam sit amet turpis elementum ligula vehicula consequat. Morbi a ipsum. Integer a nibh.

In quis justo. Maecenas rhoncus aliquam lacus. Morbi quis tortor id nulla ultrices aliquet.

Maecenas leo odio, condimentum id, luctus nec, molestie sed, justo. Pellentesque viverra pede ac diam. Cras pellentesque volutpat dui.

Maecenas tristique, est et tempus semper, est quam pharetra magna, ac consequat metus sapien ut nunc. Vestibulum ante ipsum primis in faucibus orci luctus et ultrices posuere cubilia Curae; Mauris viverra diam vitae quam. Suspendisse potenti.

Nullam porttitor lacus at turpis. Donec posuere metus vitae ipsum. Aliquam non mauris.', 'http://dummyimage.com/728x210.png/5fa2dd/ffffff', '2019-07-08', '2019-07-27', 1, 2, 1);
insert into Post (Id, Title, Content, ImageLocation, CreateDateTime, PublishDateTime, IsApproved, CategoryId, UserProfileId) values (3, 'maximize proactive vortals', 'Morbi porttitor lorem id ligula. Suspendisse ornare consequat lectus. In est risus, auctor sed, tristique in, tempus sit amet, sem.

Fusce consequat. Nulla nisl. Nunc nisl.

Duis bibendum, felis sed interdum venenatis, turpis enim blandit mi, in porttitor pede justo eu massa. Donec dapibus. Duis at velit eu est congue elementum.

In hac habitasse platea dictumst. Morbi vestibulum, velit id pretium iaculis, diam erat fermentum justo, nec condimentum neque sapien placerat ante. Nulla justo.

Aliquam quis turpis eget elit sodales scelerisque. Mauris sit amet eros. Suspendisse accumsan tortor quis turpis.', 'http://dummyimage.com/728x210.png/5fa2dd/ffffff', '2020-04-23', '2019-11-02', 1, 1, 8);
insert into Post (Id, Title, Content, ImageLocation, CreateDateTime, PublishDateTime, IsApproved, CategoryId, UserProfileId) values (4, 'cultivate innovative relationships', 'Etiam vel augue. Vestibulum rutrum rutrum neque. Aenean auctor gravida sem.

Praesent id massa id nisl venenatis lacinia. Aenean sit amet justo. Morbi ut odio.

Cras mi pede, malesuada in, imperdiet et, commodo vulputate, justo. In blandit ultrices enim. Lorem ipsum dolor sit amet, consectetuer adipiscing elit.

Proin interdum mauris non ligula pellentesque ultrices. Phasellus id sapien in sapien iaculis congue. Vivamus metus arcu, adipiscing molestie, hendrerit at, vulputate vitae, nisl.', 'http://dummyimage.com/728x210.png/5fa2dd/ffffff', '2019-08-06', '2019-10-05', 1, 2, 1);
insert into Post (Id, Title, Content, ImageLocation, CreateDateTime, PublishDateTime, IsApproved, CategoryId, UserProfileId) values (5, 'reintermediate global infomediaries', 'Aenean lectus. Pellentesque eget nunc. Donec quis orci eget orci vehicula condimentum.

Curabitur in libero ut massa volutpat convallis. Morbi odio odio, elementum eu, interdum eu, tincidunt in, leo. Maecenas pulvinar lobortis est.', 'http://dummyimage.com/728x210.png/ff4444/ffffff', '2019-08-16', '2019-09-02', 1, 4, 5);
insert into Post (Id, Title, Content, ImageLocation, CreateDateTime, PublishDateTime, IsApproved, CategoryId, UserProfileId) values (6, 'aggregate frictionless solutions', 'Aenean lectus. Pellentesque eget nunc. Donec quis orci eget orci vehicula condimentum.

Curabitur in libero ut massa volutpat convallis. Morbi odio odio, elementum eu, interdum eu, tincidunt in, leo. Maecenas pulvinar lobortis est.

Phasellus sit amet erat. Nulla tempus. Vivamus in felis eu sapien cursus vestibulum.

Proin eu mi. Nulla ac enim. In tempor, turpis nec euismod scelerisque, quam turpis adipiscing lorem, vitae mattis nibh ligula nec sem.

Duis aliquam convallis nunc. Proin at turpis a pede posuere nonummy. Integer non velit.', 'http://dummyimage.com/728x210.png/5fa2dd/ffffff', '2020-06-02', '2020-07-01', 1, 2, 3);
insert into Post (Id, Title, Content, ImageLocation, CreateDateTime, PublishDateTime, IsApproved, CategoryId, UserProfileId) values (7, 'implement 24/365 eyeballs', 'Proin eu mi. Nulla ac enim. In tempor, turpis nec euismod scelerisque, quam turpis adipiscing lorem, vitae mattis nibh ligula nec sem.', 'http://dummyimage.com/728x210.png/dddddd/000000', '2019-08-06', '2019-08-02', 1, 3, 9);
insert into Post (Id, Title, Content, ImageLocation, CreateDateTime, PublishDateTime, IsApproved, CategoryId, UserProfileId) values (8, 'reintermediate dynamic markets', 'Cras non velit nec nisi vulputate nonummy. Maecenas tincidunt lacus at velit. Vivamus vel nulla eget eros elementum pellentesque.

Quisque porta volutpat erat. Quisque erat eros, viverra eget, congue eget, semper rutrum, nulla. Nunc purus.

Phasellus in felis. Donec semper sapien a libero. Nam dui.

Proin leo odio, porttitor id, consequat in, consequat ut, nulla. Sed accumsan felis. Ut at dolor quis odio consequat varius.

Integer ac leo. Pellentesque ultrices mattis odio. Donec vitae nisi.

Nam ultrices, libero non mattis pulvinar, nulla pede ullamcorper augue, a suscipit nulla elit ac nulla. Sed vel enim sit amet nunc viverra dapibus. Nulla suscipit ligula in lacus.', 'http://dummyimage.com/728x210.png/dddddd/000000', '2019-08-07', '2020-02-17', 1, 4, 6);
insert into Post (Id, Title, Content, ImageLocation, CreateDateTime, PublishDateTime, IsApproved, CategoryId, UserProfileId) values (9, 'engage plug-and-play methodologies', 'Phasellus in felis. Donec semper sapien a libero. Nam dui.

Proin leo odio, porttitor id, consequat in, consequat ut, nulla. Sed accumsan felis. Ut at dolor quis odio consequat varius.

Integer ac leo. Pellentesque ultrices mattis odio. Donec vitae nisi.', 'http://dummyimage.com/728x210.png/ff4444/ffffff', '2020-03-15', '2019-07-13', 1, 2, 4);
insert into Post (Id, Title, Content, ImageLocation, CreateDateTime, PublishDateTime, IsApproved, CategoryId, UserProfileId) values (10, 'target dot-com paradigms', 'Duis bibendum, felis sed interdum venenatis, turpis enim blandit mi, in porttitor pede justo eu massa. Donec dapibus. Duis at velit eu est congue elementum.

In hac habitasse platea dictumst. Morbi vestibulum, velit id pretium iaculis, diam erat fermentum justo, nec condimentum neque sapien placerat ante. Nulla justo.

Aliquam quis turpis eget elit sodales scelerisque. Mauris sit amet eros. Suspendisse accumsan tortor quis turpis.

Sed ante. Vivamus tortor. Duis mattis egestas metus.

Aenean fermentum. Donec ut mauris eget massa tempor convallis. Nulla neque libero, convallis eget, eleifend luctus, ultricies eu, nibh.', 'http://dummyimage.com/728x210.png/5fa2dd/ffffff', '2019-08-18', '2020-01-15', 0, 5, 7);
insert into Post (Id, Title, Content, ImageLocation, CreateDateTime, PublishDateTime, IsApproved, CategoryId, UserProfileId) values (11, 'engineer granular systems', 'Duis bibendum, felis sed interdum venenatis, turpis enim blandit mi, in porttitor pede justo eu massa. Donec dapibus. Duis at velit eu est congue elementum.

In hac habitasse platea dictumst. Morbi vestibulum, velit id pretium iaculis, diam erat fermentum justo, nec condimentum neque sapien placerat ante. Nulla justo.

Aliquam quis turpis eget elit sodales scelerisque. Mauris sit amet eros. Suspendisse accumsan tortor quis turpis.', 'http://dummyimage.com/728x210.png/ff4444/ffffff', '2019-09-19', '2019-08-28', 1, 4, 1);
insert into Post (Id, Title, Content, ImageLocation, CreateDateTime, PublishDateTime, IsApproved, CategoryId, UserProfileId) values (12, 'scale killer e-commerce', 'Suspendisse potenti. In eleifend quam a odio. In hac habitasse platea dictumst.

Maecenas ut massa quis augue luctus tincidunt. Nulla mollis molestie lorem. Quisque ut erat.

Curabitur gravida nisi at nibh. In hac habitasse platea dictumst. Aliquam augue quam, sollicitudin vitae, consectetuer eget, rutrum at, lorem.

Integer tincidunt ante vel ipsum. Praesent blandit lacinia erat. Vestibulum sed magna at nunc commodo placerat.', 'http://dummyimage.com/728x210.png/dddddd/000000', '2020-06-26', '2019-07-23', 0, 4, 1);
insert into Post (Id, Title, Content, ImageLocation, CreateDateTime, PublishDateTime, IsApproved, CategoryId, UserProfileId) values (13, 'aggregate next-generation metrics', 'Vestibulum ac est lacinia nisi venenatis tristique. Fusce congue, diam id ornare imperdiet, sapien urna pretium nisl, ut volutpat sapien arcu sed augue. Aliquam erat volutpat.

In congue. Etiam justo. Etiam pretium iaculis justo.

In hac habitasse platea dictumst. Etiam faucibus cursus urna. Ut tellus.

Nulla ut erat id mauris vulputate elementum. Nullam varius. Nulla facilisi.

Cras non velit nec nisi vulputate nonummy. Maecenas tincidunt lacus at velit. Vivamus vel nulla eget eros elementum pellentesque.', 'http://dummyimage.com/728x210.png/cc0000/ffffff', '2019-07-29', '2020-01-28', 0, 2, 2);
insert into Post (Id, Title, Content, ImageLocation, CreateDateTime, PublishDateTime, IsApproved, CategoryId, UserProfileId) values (14, 'engage global e-tailers', 'Vestibulum ac est lacinia nisi venenatis tristique. Fusce congue, diam id ornare imperdiet, sapien urna pretium nisl, ut volutpat sapien arcu sed augue. Aliquam erat volutpat.

In congue. Etiam justo. Etiam pretium iaculis justo.

In hac habitasse platea dictumst. Etiam faucibus cursus urna. Ut tellus.

Nulla ut erat id mauris vulputate elementum. Nullam varius. Nulla facilisi.

Cras non velit nec nisi vulputate nonummy. Maecenas tincidunt lacus at velit. Vivamus vel nulla eget eros elementum pellentesque.

Quisque porta volutpat erat. Quisque erat eros, viverra eget, congue eget, semper rutrum, nulla. Nunc purus.', 'http://dummyimage.com/728x210.png/dddddd/000000', '2019-12-17', '2019-10-15', 0, 5, 5);
insert into Post (Id, Title, Content, ImageLocation, CreateDateTime, PublishDateTime, IsApproved, CategoryId, UserProfileId) values (15, 'drive compelling partnerships', 'Fusce consequat. Nulla nisl. Nunc nisl.

Duis bibendum, felis sed interdum venenatis, turpis enim blandit mi, in porttitor pede justo eu massa. Donec dapibus. Duis at velit eu est congue elementum.', 'http://dummyimage.com/728x210.png/5fa2dd/ffffff', '2019-08-27', '2020-02-27', 0, 3, 3);
insert into Post (Id, Title, Content, ImageLocation, CreateDateTime, PublishDateTime, IsApproved, CategoryId, UserProfileId) values (16, 'repurpose interactive users', 'Maecenas ut massa quis augue luctus tincidunt. Nulla mollis molestie lorem. Quisque ut erat.

Curabitur gravida nisi at nibh. In hac habitasse platea dictumst. Aliquam augue quam, sollicitudin vitae, consectetuer eget, rutrum at, lorem.

Integer tincidunt ante vel ipsum. Praesent blandit lacinia erat. Vestibulum sed magna at nunc commodo placerat.

Praesent blandit. Nam nulla. Integer pede justo, lacinia eget, tincidunt eget, tempus vel, pede.', 'http://dummyimage.com/728x210.png/ff4444/ffffff', '2019-09-04', '2019-08-08', 1, 2, 2);
insert into Post (Id, Title, Content, ImageLocation, CreateDateTime, PublishDateTime, IsApproved, CategoryId, UserProfileId) values (17, 'enable e-business eyeballs', 'Praesent blandit. Nam nulla. Integer pede justo, lacinia eget, tincidunt eget, tempus vel, pede.', 'http://dummyimage.com/728x210.png/dddddd/000000', '2019-12-09', '2019-10-14', 1, 4, 10);
insert into Post (Id, Title, Content, ImageLocation, CreateDateTime, PublishDateTime, IsApproved, CategoryId, UserProfileId) values (18, 'deploy wireless e-tailers', 'Mauris enim leo, rhoncus sed, vestibulum sit amet, cursus id, turpis. Integer aliquet, massa id lobortis convallis, tortor risus dapibus augue, vel accumsan tellus nisi eu orci. Mauris lacinia sapien quis libero.

Nullam sit amet turpis elementum ligula vehicula consequat. Morbi a ipsum. Integer a nibh.

In quis justo. Maecenas rhoncus aliquam lacus. Morbi quis tortor id nulla ultrices aliquet.

Maecenas leo odio, condimentum id, luctus nec, molestie sed, justo. Pellentesque viverra pede ac diam. Cras pellentesque volutpat dui.

Maecenas tristique, est et tempus semper, est quam pharetra magna, ac consequat metus sapien ut nunc. Vestibulum ante ipsum primis in faucibus orci luctus et ultrices posuere cubilia Curae; Mauris viverra diam vitae quam. Suspendisse potenti.', 'http://dummyimage.com/728x210.png/ff4444/ffffff', '2020-04-20', '2020-05-03', 1, 4, 9);
insert into Post (Id, Title, Content, ImageLocation, CreateDateTime, PublishDateTime, IsApproved, CategoryId, UserProfileId) values (19, 'synthesize next-generation models', 'Praesent blandit. Nam nulla. Integer pede justo, lacinia eget, tincidunt eget, tempus vel, pede.

Morbi porttitor lorem id ligula. Suspendisse ornare consequat lectus. In est risus, auctor sed, tristique in, tempus sit amet, sem.

Fusce consequat. Nulla nisl. Nunc nisl.

Duis bibendum, felis sed interdum venenatis, turpis enim blandit mi, in porttitor pede justo eu massa. Donec dapibus. Duis at velit eu est congue elementum.

In hac habitasse platea dictumst. Morbi vestibulum, velit id pretium iaculis, diam erat fermentum justo, nec condimentum neque sapien placerat ante. Nulla justo.', 'http://dummyimage.com/728x210.png/5fa2dd/ffffff', '2020-07-06', '2020-01-15', 1, 4, 2);
insert into Post (Id, Title, Content, ImageLocation, CreateDateTime, PublishDateTime, IsApproved, CategoryId, UserProfileId) values (20, 'iterate cutting-edge interfaces', 'Fusce consequat. Nulla nisl. Nunc nisl.

Duis bibendum, felis sed interdum venenatis, turpis enim blandit mi, in porttitor pede justo eu massa. Donec dapibus. Duis at velit eu est congue elementum.

In hac habitasse platea dictumst. Morbi vestibulum, velit id pretium iaculis, diam erat fermentum justo, nec condimentum neque sapien placerat ante. Nulla justo.', 'http://dummyimage.com/728x210.png/5fa2dd/ffffff', '2020-04-24', '2019-12-18', 1, 1, 1);
insert into Post (Id, Title, Content, ImageLocation, CreateDateTime, PublishDateTime, IsApproved, CategoryId, UserProfileId) values (21, 'repurpose clicks-and-mortar technologies', 'Duis aliquam convallis nunc. Proin at turpis a pede posuere nonummy. Integer non velit.

Donec diam neque, vestibulum eget, vulputate ut, ultrices vel, augue. Vestibulum ante ipsum primis in faucibus orci luctus et ultrices posuere cubilia Curae; Donec pharetra, magna vestibulum aliquet ultrices, erat tortor sollicitudin mi, sit amet lobortis sapien sapien non mi. Integer ac neque.

Duis bibendum. Morbi non quam nec dui luctus rutrum. Nulla tellus.

In sagittis dui vel nisl. Duis ac nibh. Fusce lacus purus, aliquet at, feugiat non, pretium quis, lectus.

Suspendisse potenti. In eleifend quam a odio. In hac habitasse platea dictumst.', 'http://dummyimage.com/728x210.png/ff4444/ffffff', '2020-01-22', '2019-08-25', 0, 4, 3);
insert into Post (Id, Title, Content, ImageLocation, CreateDateTime, PublishDateTime, IsApproved, CategoryId, UserProfileId) values (22, 'transition virtual channels', 'Maecenas tristique, est et tempus semper, est quam pharetra magna, ac consequat metus sapien ut nunc. Vestibulum ante ipsum primis in faucibus orci luctus et ultrices posuere cubilia Curae; Mauris viverra diam vitae quam. Suspendisse potenti.

Nullam porttitor lacus at turpis. Donec posuere metus vitae ipsum. Aliquam non mauris.

Morbi non lectus. Aliquam sit amet diam in magna bibendum imperdiet. Nullam orci pede, venenatis non, sodales sed, tincidunt eu, felis.

Fusce posuere felis sed lacus. Morbi sem mauris, laoreet ut, rhoncus aliquet, pulvinar sed, nisl. Nunc rhoncus dui vel sem.', 'http://dummyimage.com/728x210.png/dddddd/000000', '2019-09-26', '2020-03-15', 1, 5, 3);
insert into Post (Id, Title, Content, ImageLocation, CreateDateTime, PublishDateTime, IsApproved, CategoryId, UserProfileId) values (23, 'empower enterprise interfaces', 'Maecenas leo odio, condimentum id, luctus nec, molestie sed, justo. Pellentesque viverra pede ac diam. Cras pellentesque volutpat dui.

Maecenas tristique, est et tempus semper, est quam pharetra magna, ac consequat metus sapien ut nunc. Vestibulum ante ipsum primis in faucibus orci luctus et ultrices posuere cubilia Curae; Mauris viverra diam vitae quam. Suspendisse potenti.

Nullam porttitor lacus at turpis. Donec posuere metus vitae ipsum. Aliquam non mauris.', 'http://dummyimage.com/728x210.png/5fa2dd/ffffff', '2020-05-06', '2020-03-19', 1, 1, 7);
insert into Post (Id, Title, Content, ImageLocation, CreateDateTime, PublishDateTime, IsApproved, CategoryId, UserProfileId) values (24, 'morph robust solutions', 'Cum sociis natoque penatibus et magnis dis parturient montes, nascetur ridiculus mus. Vivamus vestibulum sagittis sapien. Cum sociis natoque penatibus et magnis dis parturient montes, nascetur ridiculus mus.

Etiam vel augue. Vestibulum rutrum rutrum neque. Aenean auctor gravida sem.', 'http://dummyimage.com/728x210.png/5fa2dd/ffffff', '2020-04-02', '2020-06-10', 0, 4, 2);
insert into Post (Id, Title, Content, ImageLocation, CreateDateTime, PublishDateTime, IsApproved, CategoryId, UserProfileId) values (25, 'engage intuitive e-commerce', 'Quisque id justo sit amet sapien dignissim vestibulum. Vestibulum ante ipsum primis in faucibus orci luctus et ultrices posuere cubilia Curae; Nulla dapibus dolor vel est. Donec odio justo, sollicitudin ut, suscipit a, feugiat et, eros.

Vestibulum ac est lacinia nisi venenatis tristique. Fusce congue, diam id ornare imperdiet, sapien urna pretium nisl, ut volutpat sapien arcu sed augue. Aliquam erat volutpat.

In congue. Etiam justo. Etiam pretium iaculis justo.

In hac habitasse platea dictumst. Etiam faucibus cursus urna. Ut tellus.

Nulla ut erat id mauris vulputate elementum. Nullam varius. Nulla facilisi.

Cras non velit nec nisi vulputate nonummy. Maecenas tincidunt lacus at velit. Vivamus vel nulla eget eros elementum pellentesque.', 'http://dummyimage.com/728x210.png/ff4444/ffffff', '2020-02-06', '2020-02-05', 0, 2, 7);
insert into Post (Id, Title, Content, ImageLocation, CreateDateTime, PublishDateTime, IsApproved, CategoryId, UserProfileId) values (26, 'facilitate back-end schemas', 'Cum sociis natoque penatibus et magnis dis parturient montes, nascetur ridiculus mus. Vivamus vestibulum sagittis sapien. Cum sociis natoque penatibus et magnis dis parturient montes, nascetur ridiculus mus.

Etiam vel augue. Vestibulum rutrum rutrum neque. Aenean auctor gravida sem.

Praesent id massa id nisl venenatis lacinia. Aenean sit amet justo. Morbi ut odio.

Cras mi pede, malesuada in, imperdiet et, commodo vulputate, justo. In blandit ultrices enim. Lorem ipsum dolor sit amet, consectetuer adipiscing elit.

Proin interdum mauris non ligula pellentesque ultrices. Phasellus id sapien in sapien iaculis congue. Vivamus metus arcu, adipiscing molestie, hendrerit at, vulputate vitae, nisl.', 'http://dummyimage.com/728x210.png/dddddd/000000', '2019-11-12', '2019-11-30', 1, 5, 8);
insert into Post (Id, Title, Content, ImageLocation, CreateDateTime, PublishDateTime, IsApproved, CategoryId, UserProfileId) values (27, 'iterate world-class web-readiness', 'Vestibulum quam sapien, varius ut, blandit non, interdum in, ante. Vestibulum ante ipsum primis in faucibus orci luctus et ultrices posuere cubilia Curae; Duis faucibus accumsan odio. Curabitur convallis.

Duis consequat dui nec nisi volutpat eleifend. Donec ut dolor. Morbi vel lectus in quam fringilla rhoncus.

Mauris enim leo, rhoncus sed, vestibulum sit amet, cursus id, turpis. Integer aliquet, massa id lobortis convallis, tortor risus dapibus augue, vel accumsan tellus nisi eu orci. Mauris lacinia sapien quis libero.

Nullam sit amet turpis elementum ligula vehicula consequat. Morbi a ipsum. Integer a nibh.

In quis justo. Maecenas rhoncus aliquam lacus. Morbi quis tortor id nulla ultrices aliquet.', 'http://dummyimage.com/728x210.png/5fa2dd/ffffff', '2019-07-30', '2019-11-24', 1, 4, 6);
insert into Post (Id, Title, Content, ImageLocation, CreateDateTime, PublishDateTime, IsApproved, CategoryId, UserProfileId) values (28, 'benchmark e-business models', 'Integer tincidunt ante vel ipsum. Praesent blandit lacinia erat. Vestibulum sed magna at nunc commodo placerat.

Praesent blandit. Nam nulla. Integer pede justo, lacinia eget, tincidunt eget, tempus vel, pede.', 'http://dummyimage.com/728x210.png/cc0000/ffffff', '2020-03-06', '2020-04-12', 1, 3, 7);
insert into Post (Id, Title, Content, ImageLocation, CreateDateTime, PublishDateTime, IsApproved, CategoryId, UserProfileId) values (29, 'expedite cross-platform partnerships', 'Aliquam quis turpis eget elit sodales scelerisque. Mauris sit amet eros. Suspendisse accumsan tortor quis turpis.

Sed ante. Vivamus tortor. Duis mattis egestas metus.

Aenean fermentum. Donec ut mauris eget massa tempor convallis. Nulla neque libero, convallis eget, eleifend luctus, ultricies eu, nibh.

Quisque id justo sit amet sapien dignissim vestibulum. Vestibulum ante ipsum primis in faucibus orci luctus et ultrices posuere cubilia Curae; Nulla dapibus dolor vel est. Donec odio justo, sollicitudin ut, suscipit a, feugiat et, eros.', 'http://dummyimage.com/728x210.png/5fa2dd/ffffff', '2020-02-14', '2020-01-31', 0, 3, 6);
insert into Post (Id, Title, Content, ImageLocation, CreateDateTime, PublishDateTime, IsApproved, CategoryId, UserProfileId) values (30, 'extend wireless metrics', 'Aenean lectus. Pellentesque eget nunc. Donec quis orci eget orci vehicula condimentum.', 'http://dummyimage.com/728x210.png/cc0000/ffffff', '2019-11-04', '2020-03-10', 1, 5, 10);
insert into Post (Id, Title, Content, ImageLocation, CreateDateTime, PublishDateTime, IsApproved, CategoryId, UserProfileId) values (31, 'expedite user-centric relationships', 'Aenean fermentum. Donec ut mauris eget massa tempor convallis. Nulla neque libero, convallis eget, eleifend luctus, ultricies eu, nibh.

Quisque id justo sit amet sapien dignissim vestibulum. Vestibulum ante ipsum primis in faucibus orci luctus et ultrices posuere cubilia Curae; Nulla dapibus dolor vel est. Donec odio justo, sollicitudin ut, suscipit a, feugiat et, eros.

Vestibulum ac est lacinia nisi venenatis tristique. Fusce congue, diam id ornare imperdiet, sapien urna pretium nisl, ut volutpat sapien arcu sed augue. Aliquam erat volutpat.', 'http://dummyimage.com/728x210.png/5fa2dd/ffffff', '2020-05-03', '2019-11-08', 1, 4, 5);
insert into Post (Id, Title, Content, ImageLocation, CreateDateTime, PublishDateTime, IsApproved, CategoryId, UserProfileId) values (32, 'disintermediate customized partnerships', 'Integer tincidunt ante vel ipsum. Praesent blandit lacinia erat. Vestibulum sed magna at nunc commodo placerat.', 'http://dummyimage.com/728x210.png/dddddd/000000', '2019-11-04', '2019-10-25', 1, 5, 8);
insert into Post (Id, Title, Content, ImageLocation, CreateDateTime, PublishDateTime, IsApproved, CategoryId, UserProfileId) values (33, 'reintermediate e-business interfaces', 'Proin leo odio, porttitor id, consequat in, consequat ut, nulla. Sed accumsan felis. Ut at dolor quis odio consequat varius.

Integer ac leo. Pellentesque ultrices mattis odio. Donec vitae nisi.

Nam ultrices, libero non mattis pulvinar, nulla pede ullamcorper augue, a suscipit nulla elit ac nulla. Sed vel enim sit amet nunc viverra dapibus. Nulla suscipit ligula in lacus.

Curabitur at ipsum ac tellus semper interdum. Mauris ullamcorper purus sit amet nulla. Quisque arcu libero, rutrum ac, lobortis vel, dapibus at, diam.', 'http://dummyimage.com/728x210.png/dddddd/000000', '2019-12-19', '2019-10-31', 1, 1, 8);
insert into Post (Id, Title, Content, ImageLocation, CreateDateTime, PublishDateTime, IsApproved, CategoryId, UserProfileId) values (34, 'evolve global e-commerce', 'Maecenas ut massa quis augue luctus tincidunt. Nulla mollis molestie lorem. Quisque ut erat.

Curabitur gravida nisi at nibh. In hac habitasse platea dictumst. Aliquam augue quam, sollicitudin vitae, consectetuer eget, rutrum at, lorem.

Integer tincidunt ante vel ipsum. Praesent blandit lacinia erat. Vestibulum sed magna at nunc commodo placerat.

Praesent blandit. Nam nulla. Integer pede justo, lacinia eget, tincidunt eget, tempus vel, pede.', 'http://dummyimage.com/728x210.png/5fa2dd/ffffff', '2020-03-16', '2020-06-15', 1, 5, 6);
insert into Post (Id, Title, Content, ImageLocation, CreateDateTime, PublishDateTime, IsApproved, CategoryId, UserProfileId) values (35, 'brand B2C ROI', 'Mauris enim leo, rhoncus sed, vestibulum sit amet, cursus id, turpis. Integer aliquet, massa id lobortis convallis, tortor risus dapibus augue, vel accumsan tellus nisi eu orci. Mauris lacinia sapien quis libero.

Nullam sit amet turpis elementum ligula vehicula consequat. Morbi a ipsum. Integer a nibh.

In quis justo. Maecenas rhoncus aliquam lacus. Morbi quis tortor id nulla ultrices aliquet.

Maecenas leo odio, condimentum id, luctus nec, molestie sed, justo. Pellentesque viverra pede ac diam. Cras pellentesque volutpat dui.', 'http://dummyimage.com/728x210.png/cc0000/ffffff', '2020-05-26', '2020-03-08', 0, 1, 2);
insert into Post (Id, Title, Content, ImageLocation, CreateDateTime, PublishDateTime, IsApproved, CategoryId, UserProfileId) values (36, 'grow efficient initiatives', 'Vestibulum quam sapien, varius ut, blandit non, interdum in, ante. Vestibulum ante ipsum primis in faucibus orci luctus et ultrices posuere cubilia Curae; Duis faucibus accumsan odio. Curabitur convallis.', 'http://dummyimage.com/728x210.png/5fa2dd/ffffff', '2020-05-15', '2019-10-17', 0, 4, 2);
insert into Post (Id, Title, Content, ImageLocation, CreateDateTime, PublishDateTime, IsApproved, CategoryId, UserProfileId) values (37, 'transform vertical eyeballs', 'Praesent blandit. Nam nulla. Integer pede justo, lacinia eget, tincidunt eget, tempus vel, pede.

Morbi porttitor lorem id ligula. Suspendisse ornare consequat lectus. In est risus, auctor sed, tristique in, tempus sit amet, sem.

Fusce consequat. Nulla nisl. Nunc nisl.', 'http://dummyimage.com/728x210.png/ff4444/ffffff', '2019-09-19', '2020-05-04', 1, 4, 9);
insert into Post (Id, Title, Content, ImageLocation, CreateDateTime, PublishDateTime, IsApproved, CategoryId, UserProfileId) values (38, 'e-enable B2B bandwidth', 'Praesent id massa id nisl venenatis lacinia. Aenean sit amet justo. Morbi ut odio.

Cras mi pede, malesuada in, imperdiet et, commodo vulputate, justo. In blandit ultrices enim. Lorem ipsum dolor sit amet, consectetuer adipiscing elit.

Proin interdum mauris non ligula pellentesque ultrices. Phasellus id sapien in sapien iaculis congue. Vivamus metus arcu, adipiscing molestie, hendrerit at, vulputate vitae, nisl.', 'http://dummyimage.com/728x210.png/5fa2dd/ffffff', '2019-11-21', '2019-09-29', 1, 1, 10);
insert into Post (Id, Title, Content, ImageLocation, CreateDateTime, PublishDateTime, IsApproved, CategoryId, UserProfileId) values (39, 'e-enable e-business networks', 'Cum sociis natoque penatibus et magnis dis parturient montes, nascetur ridiculus mus. Vivamus vestibulum sagittis sapien. Cum sociis natoque penatibus et magnis dis parturient montes, nascetur ridiculus mus.

Etiam vel augue. Vestibulum rutrum rutrum neque. Aenean auctor gravida sem.

Praesent id massa id nisl venenatis lacinia. Aenean sit amet justo. Morbi ut odio.

Cras mi pede, malesuada in, imperdiet et, commodo vulputate, justo. In blandit ultrices enim. Lorem ipsum dolor sit amet, consectetuer adipiscing elit.', 'http://dummyimage.com/728x210.png/ff4444/ffffff', '2020-01-07', '2019-08-13', 1, 4, 9);
insert into Post (Id, Title, Content, ImageLocation, CreateDateTime, PublishDateTime, IsApproved, CategoryId, UserProfileId) values (40, 'whiteboard open-source metrics', 'Fusce posuere felis sed lacus. Morbi sem mauris, laoreet ut, rhoncus aliquet, pulvinar sed, nisl. Nunc rhoncus dui vel sem.

Sed sagittis. Nam congue, risus semper porta volutpat, quam pede lobortis ligula, sit amet eleifend pede libero quis orci. Nullam molestie nibh in lectus.

Pellentesque at nulla. Suspendisse potenti. Cras in purus eu magna vulputate luctus.

Cum sociis natoque penatibus et magnis dis parturient montes, nascetur ridiculus mus. Vivamus vestibulum sagittis sapien. Cum sociis natoque penatibus et magnis dis parturient montes, nascetur ridiculus mus.', 'http://dummyimage.com/728x210.png/cc0000/ffffff', '2020-05-07', '2019-08-17', 1, 4, 2);
insert into Post (Id, Title, Content, ImageLocation, CreateDateTime, PublishDateTime, IsApproved, CategoryId, UserProfileId) values (41, 'harness global action-items', 'In hac habitasse platea dictumst. Morbi vestibulum, velit id pretium iaculis, diam erat fermentum justo, nec condimentum neque sapien placerat ante. Nulla justo.', 'http://dummyimage.com/728x210.png/cc0000/ffffff', '2020-01-01', '2019-12-11', 0, 5, 8);
insert into Post (Id, Title, Content, ImageLocation, CreateDateTime, PublishDateTime, IsApproved, CategoryId, UserProfileId) values (42, 'empower cutting-edge schemas', 'Proin eu mi. Nulla ac enim. In tempor, turpis nec euismod scelerisque, quam turpis adipiscing lorem, vitae mattis nibh ligula nec sem.

Duis aliquam convallis nunc. Proin at turpis a pede posuere nonummy. Integer non velit.', 'http://dummyimage.com/728x210.png/dddddd/000000', '2020-01-18', '2019-07-29', 0, 2, 5);
insert into Post (Id, Title, Content, ImageLocation, CreateDateTime, PublishDateTime, IsApproved, CategoryId, UserProfileId) values (43, 'benchmark extensible eyeballs', 'Proin interdum mauris non ligula pellentesque ultrices. Phasellus id sapien in sapien iaculis congue. Vivamus metus arcu, adipiscing molestie, hendrerit at, vulputate vitae, nisl.

Aenean lectus. Pellentesque eget nunc. Donec quis orci eget orci vehicula condimentum.

Curabitur in libero ut massa volutpat convallis. Morbi odio odio, elementum eu, interdum eu, tincidunt in, leo. Maecenas pulvinar lobortis est.

Phasellus sit amet erat. Nulla tempus. Vivamus in felis eu sapien cursus vestibulum.

Proin eu mi. Nulla ac enim. In tempor, turpis nec euismod scelerisque, quam turpis adipiscing lorem, vitae mattis nibh ligula nec sem.

Duis aliquam convallis nunc. Proin at turpis a pede posuere nonummy. Integer non velit.', 'http://dummyimage.com/728x210.png/dddddd/000000', '2020-02-12', '2019-08-28', 1, 5, 4);
insert into Post (Id, Title, Content, ImageLocation, CreateDateTime, PublishDateTime, IsApproved, CategoryId, UserProfileId) values (44, 'reinvent rich architectures', 'Quisque porta volutpat erat. Quisque erat eros, viverra eget, congue eget, semper rutrum, nulla. Nunc purus.

Phasellus in felis. Donec semper sapien a libero. Nam dui.

Proin leo odio, porttitor id, consequat in, consequat ut, nulla. Sed accumsan felis. Ut at dolor quis odio consequat varius.

Integer ac leo. Pellentesque ultrices mattis odio. Donec vitae nisi.

Nam ultrices, libero non mattis pulvinar, nulla pede ullamcorper augue, a suscipit nulla elit ac nulla. Sed vel enim sit amet nunc viverra dapibus. Nulla suscipit ligula in lacus.', 'http://dummyimage.com/728x210.png/cc0000/ffffff', '2019-09-08', '2019-10-26', 0, 3, 1);
insert into Post (Id, Title, Content, ImageLocation, CreateDateTime, PublishDateTime, IsApproved, CategoryId, UserProfileId) values (45, 'transition sexy methodologies', 'In quis justo. Maecenas rhoncus aliquam lacus. Morbi quis tortor id nulla ultrices aliquet.', 'http://dummyimage.com/728x210.png/5fa2dd/ffffff', '2019-10-01', '2020-04-04', 0, 3, 6);
insert into Post (Id, Title, Content, ImageLocation, CreateDateTime, PublishDateTime, IsApproved, CategoryId, UserProfileId) values (46, 'leverage wireless metrics', 'Morbi porttitor lorem id ligula. Suspendisse ornare consequat lectus. In est risus, auctor sed, tristique in, tempus sit amet, sem.

Fusce consequat. Nulla nisl. Nunc nisl.

Duis bibendum, felis sed interdum venenatis, turpis enim blandit mi, in porttitor pede justo eu massa. Donec dapibus. Duis at velit eu est congue elementum.

In hac habitasse platea dictumst. Morbi vestibulum, velit id pretium iaculis, diam erat fermentum justo, nec condimentum neque sapien placerat ante. Nulla justo.', 'http://dummyimage.com/728x210.png/ff4444/ffffff', '2020-02-09', '2019-12-01', 0, 1, 1);
insert into Post (Id, Title, Content, ImageLocation, CreateDateTime, PublishDateTime, IsApproved, CategoryId, UserProfileId) values (47, 'mesh real-time experiences', 'Morbi porttitor lorem id ligula. Suspendisse ornare consequat lectus. In est risus, auctor sed, tristique in, tempus sit amet, sem.

Fusce consequat. Nulla nisl. Nunc nisl.', 'http://dummyimage.com/728x210.png/dddddd/000000', '2019-12-05', '2020-05-10', 0, 2, 7);
insert into Post (Id, Title, Content, ImageLocation, CreateDateTime, PublishDateTime, IsApproved, CategoryId, UserProfileId) values (48, 'envisioneer intuitive mindshare', 'Cras mi pede, malesuada in, imperdiet et, commodo vulputate, justo. In blandit ultrices enim. Lorem ipsum dolor sit amet, consectetuer adipiscing elit.

Proin interdum mauris non ligula pellentesque ultrices. Phasellus id sapien in sapien iaculis congue. Vivamus metus arcu, adipiscing molestie, hendrerit at, vulputate vitae, nisl.', 'http://dummyimage.com/728x210.png/5fa2dd/ffffff', '2019-11-21', '2020-05-31', 0, 1, 9);
insert into Post (Id, Title, Content, ImageLocation, CreateDateTime, PublishDateTime, IsApproved, CategoryId, UserProfileId) values (49, 'extend compelling channels', 'Curabitur gravida nisi at nibh. In hac habitasse platea dictumst. Aliquam augue quam, sollicitudin vitae, consectetuer eget, rutrum at, lorem.', 'http://dummyimage.com/728x210.png/5fa2dd/ffffff', '2020-05-05', '2019-09-26', 1, 4, 5);
insert into Post (Id, Title, Content, ImageLocation, CreateDateTime, PublishDateTime, IsApproved, CategoryId, UserProfileId) values (50, 'syndicate world-class mindshare', 'In quis justo. Maecenas rhoncus aliquam lacus. Morbi quis tortor id nulla ultrices aliquet.

Maecenas leo odio, condimentum id, luctus nec, molestie sed, justo. Pellentesque viverra pede ac diam. Cras pellentesque volutpat dui.

Maecenas tristique, est et tempus semper, est quam pharetra magna, ac consequat metus sapien ut nunc. Vestibulum ante ipsum primis in faucibus orci luctus et ultrices posuere cubilia Curae; Mauris viverra diam vitae quam. Suspendisse potenti.

Nullam porttitor lacus at turpis. Donec posuere metus vitae ipsum. Aliquam non mauris.

Morbi non lectus. Aliquam sit amet diam in magna bibendum imperdiet. Nullam orci pede, venenatis non, sodales sed, tincidunt eu, felis.', 'http://dummyimage.com/728x210.png/5fa2dd/ffffff', '2019-09-27', '2020-04-21', 1, 3, 1);
insert into Post (Id, Title, Content, ImageLocation, CreateDateTime, PublishDateTime, IsApproved, CategoryId, UserProfileId) values (51, 'iterate world-class infomediaries', 'Morbi porttitor lorem id ligula. Suspendisse ornare consequat lectus. In est risus, auctor sed, tristique in, tempus sit amet, sem.

Fusce consequat. Nulla nisl. Nunc nisl.

Duis bibendum, felis sed interdum venenatis, turpis enim blandit mi, in porttitor pede justo eu massa. Donec dapibus. Duis at velit eu est congue elementum.

In hac habitasse platea dictumst. Morbi vestibulum, velit id pretium iaculis, diam erat fermentum justo, nec condimentum neque sapien placerat ante. Nulla justo.

Aliquam quis turpis eget elit sodales scelerisque. Mauris sit amet eros. Suspendisse accumsan tortor quis turpis.

Sed ante. Vivamus tortor. Duis mattis egestas metus.', 'http://dummyimage.com/728x210.png/ff4444/ffffff', '2019-07-19', '2020-04-03', 0, 1, 8);
insert into Post (Id, Title, Content, ImageLocation, CreateDateTime, PublishDateTime, IsApproved, CategoryId, UserProfileId) values (52, 'extend value-added e-services', 'Sed sagittis. Nam congue, risus semper porta volutpat, quam pede lobortis ligula, sit amet eleifend pede libero quis orci. Nullam molestie nibh in lectus.

Pellentesque at nulla. Suspendisse potenti. Cras in purus eu magna vulputate luctus.', 'http://dummyimage.com/728x210.png/ff4444/ffffff', '2019-11-11', '2019-07-30', 1, 1, 5);
insert into Post (Id, Title, Content, ImageLocation, CreateDateTime, PublishDateTime, IsApproved, CategoryId, UserProfileId) values (53, 'envisioneer proactive paradigms', 'Nulla ut erat id mauris vulputate elementum. Nullam varius. Nulla facilisi.

Cras non velit nec nisi vulputate nonummy. Maecenas tincidunt lacus at velit. Vivamus vel nulla eget eros elementum pellentesque.', 'http://dummyimage.com/728x210.png/ff4444/ffffff', '2020-02-15', '2020-05-12', 1, 3, 10);
insert into Post (Id, Title, Content, ImageLocation, CreateDateTime, PublishDateTime, IsApproved, CategoryId, UserProfileId) values (54, 'generate cross-media e-business', 'Cras non velit nec nisi vulputate nonummy. Maecenas tincidunt lacus at velit. Vivamus vel nulla eget eros elementum pellentesque.

Quisque porta volutpat erat. Quisque erat eros, viverra eget, congue eget, semper rutrum, nulla. Nunc purus.

Phasellus in felis. Donec semper sapien a libero. Nam dui.

Proin leo odio, porttitor id, consequat in, consequat ut, nulla. Sed accumsan felis. Ut at dolor quis odio consequat varius.

Integer ac leo. Pellentesque ultrices mattis odio. Donec vitae nisi.', 'http://dummyimage.com/728x210.png/cc0000/ffffff', '2020-01-04', '2019-12-10', 1, 4, 9);
insert into Post (Id, Title, Content, ImageLocation, CreateDateTime, PublishDateTime, IsApproved, CategoryId, UserProfileId) values (55, 'expedite virtual action-items', 'Integer ac leo. Pellentesque ultrices mattis odio. Donec vitae nisi.', 'http://dummyimage.com/728x210.png/cc0000/ffffff', '2020-03-04', '2019-08-14', 1, 2, 6);
insert into Post (Id, Title, Content, ImageLocation, CreateDateTime, PublishDateTime, IsApproved, CategoryId, UserProfileId) values (56, 'transition value-added convergence', 'Duis bibendum, felis sed interdum venenatis, turpis enim blandit mi, in porttitor pede justo eu massa. Donec dapibus. Duis at velit eu est congue elementum.

In hac habitasse platea dictumst. Morbi vestibulum, velit id pretium iaculis, diam erat fermentum justo, nec condimentum neque sapien placerat ante. Nulla justo.', 'http://dummyimage.com/728x210.png/cc0000/ffffff', '2019-12-19', '2019-12-26', 1, 2, 5);
insert into Post (Id, Title, Content, ImageLocation, CreateDateTime, PublishDateTime, IsApproved, CategoryId, UserProfileId) values (57, 'recontextualize enterprise synergies', 'Nulla ut erat id mauris vulputate elementum. Nullam varius. Nulla facilisi.

Cras non velit nec nisi vulputate nonummy. Maecenas tincidunt lacus at velit. Vivamus vel nulla eget eros elementum pellentesque.

Quisque porta volutpat erat. Quisque erat eros, viverra eget, congue eget, semper rutrum, nulla. Nunc purus.

Phasellus in felis. Donec semper sapien a libero. Nam dui.

Proin leo odio, porttitor id, consequat in, consequat ut, nulla. Sed accumsan felis. Ut at dolor quis odio consequat varius.', 'http://dummyimage.com/728x210.png/ff4444/ffffff', '2019-07-22', '2019-09-05', 1, 2, 8);
insert into Post (Id, Title, Content, ImageLocation, CreateDateTime, PublishDateTime, IsApproved, CategoryId, UserProfileId) values (58, 'integrate bleeding-edge e-markets', 'Aenean fermentum. Donec ut mauris eget massa tempor convallis. Nulla neque libero, convallis eget, eleifend luctus, ultricies eu, nibh.

Quisque id justo sit amet sapien dignissim vestibulum. Vestibulum ante ipsum primis in faucibus orci luctus et ultrices posuere cubilia Curae; Nulla dapibus dolor vel est. Donec odio justo, sollicitudin ut, suscipit a, feugiat et, eros.

Vestibulum ac est lacinia nisi venenatis tristique. Fusce congue, diam id ornare imperdiet, sapien urna pretium nisl, ut volutpat sapien arcu sed augue. Aliquam erat volutpat.

In congue. Etiam justo. Etiam pretium iaculis justo.', 'http://dummyimage.com/728x210.png/cc0000/ffffff', '2020-02-20', '2019-12-29', 0, 5, 6);
insert into Post (Id, Title, Content, ImageLocation, CreateDateTime, PublishDateTime, IsApproved, CategoryId, UserProfileId) values (59, 'drive intuitive infrastructures', 'Vestibulum quam sapien, varius ut, blandit non, interdum in, ante. Vestibulum ante ipsum primis in faucibus orci luctus et ultrices posuere cubilia Curae; Duis faucibus accumsan odio. Curabitur convallis.

Duis consequat dui nec nisi volutpat eleifend. Donec ut dolor. Morbi vel lectus in quam fringilla rhoncus.

Mauris enim leo, rhoncus sed, vestibulum sit amet, cursus id, turpis. Integer aliquet, massa id lobortis convallis, tortor risus dapibus augue, vel accumsan tellus nisi eu orci. Mauris lacinia sapien quis libero.

Nullam sit amet turpis elementum ligula vehicula consequat. Morbi a ipsum. Integer a nibh.', 'http://dummyimage.com/728x210.png/dddddd/000000', '2019-09-29', '2020-02-12', 0, 1, 6);
insert into Post (Id, Title, Content, ImageLocation, CreateDateTime, PublishDateTime, IsApproved, CategoryId, UserProfileId) values (60, 'seize viral platforms', 'Pellentesque at nulla. Suspendisse potenti. Cras in purus eu magna vulputate luctus.

Cum sociis natoque penatibus et magnis dis parturient montes, nascetur ridiculus mus. Vivamus vestibulum sagittis sapien. Cum sociis natoque penatibus et magnis dis parturient montes, nascetur ridiculus mus.

Etiam vel augue. Vestibulum rutrum rutrum neque. Aenean auctor gravida sem.

Praesent id massa id nisl venenatis lacinia. Aenean sit amet justo. Morbi ut odio.', 'http://dummyimage.com/728x210.png/cc0000/ffffff', '2020-02-21', '2019-10-06', 1, 4, 3);
insert into Post (Id, Title, Content, ImageLocation, CreateDateTime, PublishDateTime, IsApproved, CategoryId, UserProfileId) values (61, 'architect transparent networks', 'Cum sociis natoque penatibus et magnis dis parturient montes, nascetur ridiculus mus. Vivamus vestibulum sagittis sapien. Cum sociis natoque penatibus et magnis dis parturient montes, nascetur ridiculus mus.

Etiam vel augue. Vestibulum rutrum rutrum neque. Aenean auctor gravida sem.

Praesent id massa id nisl venenatis lacinia. Aenean sit amet justo. Morbi ut odio.

Cras mi pede, malesuada in, imperdiet et, commodo vulputate, justo. In blandit ultrices enim. Lorem ipsum dolor sit amet, consectetuer adipiscing elit.', 'http://dummyimage.com/728x210.png/ff4444/ffffff', '2019-07-19', '2020-05-05', 1, 2, 9);
insert into Post (Id, Title, Content, ImageLocation, CreateDateTime, PublishDateTime, IsApproved, CategoryId, UserProfileId) values (62, 'scale 24/365 methodologies', 'Cras non velit nec nisi vulputate nonummy. Maecenas tincidunt lacus at velit. Vivamus vel nulla eget eros elementum pellentesque.

Quisque porta volutpat erat. Quisque erat eros, viverra eget, congue eget, semper rutrum, nulla. Nunc purus.

Phasellus in felis. Donec semper sapien a libero. Nam dui.

Proin leo odio, porttitor id, consequat in, consequat ut, nulla. Sed accumsan felis. Ut at dolor quis odio consequat varius.

Integer ac leo. Pellentesque ultrices mattis odio. Donec vitae nisi.', 'http://dummyimage.com/728x210.png/cc0000/ffffff', '2020-02-23', '2020-06-06', 0, 1, 5);
insert into Post (Id, Title, Content, ImageLocation, CreateDateTime, PublishDateTime, IsApproved, CategoryId, UserProfileId) values (63, 'cultivate seamless systems', 'Duis aliquam convallis nunc. Proin at turpis a pede posuere nonummy. Integer non velit.', 'http://dummyimage.com/728x210.png/dddddd/000000', '2020-03-27', '2020-03-09', 0, 1, 8);
insert into Post (Id, Title, Content, ImageLocation, CreateDateTime, PublishDateTime, IsApproved, CategoryId, UserProfileId) values (64, 'brand open-source relationships', 'Mauris enim leo, rhoncus sed, vestibulum sit amet, cursus id, turpis. Integer aliquet, massa id lobortis convallis, tortor risus dapibus augue, vel accumsan tellus nisi eu orci. Mauris lacinia sapien quis libero.

Nullam sit amet turpis elementum ligula vehicula consequat. Morbi a ipsum. Integer a nibh.

In quis justo. Maecenas rhoncus aliquam lacus. Morbi quis tortor id nulla ultrices aliquet.

Maecenas leo odio, condimentum id, luctus nec, molestie sed, justo. Pellentesque viverra pede ac diam. Cras pellentesque volutpat dui.', 'http://dummyimage.com/728x210.png/dddddd/000000', '2019-12-28', '2020-01-21', 0, 2, 1);
insert into Post (Id, Title, Content, ImageLocation, CreateDateTime, PublishDateTime, IsApproved, CategoryId, UserProfileId) values (65, 'repurpose plug-and-play relationships', 'Vestibulum quam sapien, varius ut, blandit non, interdum in, ante. Vestibulum ante ipsum primis in faucibus orci luctus et ultrices posuere cubilia Curae; Duis faucibus accumsan odio. Curabitur convallis.

Duis consequat dui nec nisi volutpat eleifend. Donec ut dolor. Morbi vel lectus in quam fringilla rhoncus.

Mauris enim leo, rhoncus sed, vestibulum sit amet, cursus id, turpis. Integer aliquet, massa id lobortis convallis, tortor risus dapibus augue, vel accumsan tellus nisi eu orci. Mauris lacinia sapien quis libero.', 'http://dummyimage.com/728x210.png/dddddd/000000', '2019-12-11', '2019-10-20', 1, 1, 5);
insert into Post (Id, Title, Content, ImageLocation, CreateDateTime, PublishDateTime, IsApproved, CategoryId, UserProfileId) values (66, 'evolve viral applications', 'Donec diam neque, vestibulum eget, vulputate ut, ultrices vel, augue. Vestibulum ante ipsum primis in faucibus orci luctus et ultrices posuere cubilia Curae; Donec pharetra, magna vestibulum aliquet ultrices, erat tortor sollicitudin mi, sit amet lobortis sapien sapien non mi. Integer ac neque.

Duis bibendum. Morbi non quam nec dui luctus rutrum. Nulla tellus.

In sagittis dui vel nisl. Duis ac nibh. Fusce lacus purus, aliquet at, feugiat non, pretium quis, lectus.', 'http://dummyimage.com/728x210.png/dddddd/000000', '2020-03-02', '2019-12-14', 1, 3, 10);
insert into Post (Id, Title, Content, ImageLocation, CreateDateTime, PublishDateTime, IsApproved, CategoryId, UserProfileId) values (67, 'syndicate open-source methodologies', 'Proin interdum mauris non ligula pellentesque ultrices. Phasellus id sapien in sapien iaculis congue. Vivamus metus arcu, adipiscing molestie, hendrerit at, vulputate vitae, nisl.

Aenean lectus. Pellentesque eget nunc. Donec quis orci eget orci vehicula condimentum.', 'http://dummyimage.com/728x210.png/dddddd/000000', '2020-06-22', '2020-06-01', 0, 4, 5);
insert into Post (Id, Title, Content, ImageLocation, CreateDateTime, PublishDateTime, IsApproved, CategoryId, UserProfileId) values (68, 'synergize frictionless technologies', 'Fusce posuere felis sed lacus. Morbi sem mauris, laoreet ut, rhoncus aliquet, pulvinar sed, nisl. Nunc rhoncus dui vel sem.

Sed sagittis. Nam congue, risus semper porta volutpat, quam pede lobortis ligula, sit amet eleifend pede libero quis orci. Nullam molestie nibh in lectus.', 'http://dummyimage.com/728x210.png/dddddd/000000', '2019-12-02', '2020-02-22', 0, 4, 6);
insert into Post (Id, Title, Content, ImageLocation, CreateDateTime, PublishDateTime, IsApproved, CategoryId, UserProfileId) values (69, 'seize best-of-breed relationships', 'Quisque porta volutpat erat. Quisque erat eros, viverra eget, congue eget, semper rutrum, nulla. Nunc purus.', 'http://dummyimage.com/728x210.png/5fa2dd/ffffff', '2019-12-15', '2020-04-22', 1, 5, 1);
insert into Post (Id, Title, Content, ImageLocation, CreateDateTime, PublishDateTime, IsApproved, CategoryId, UserProfileId) values (70, 'revolutionize collaborative web services', 'Duis aliquam convallis nunc. Proin at turpis a pede posuere nonummy. Integer non velit.

Donec diam neque, vestibulum eget, vulputate ut, ultrices vel, augue. Vestibulum ante ipsum primis in faucibus orci luctus et ultrices posuere cubilia Curae; Donec pharetra, magna vestibulum aliquet ultrices, erat tortor sollicitudin mi, sit amet lobortis sapien sapien non mi. Integer ac neque.

Duis bibendum. Morbi non quam nec dui luctus rutrum. Nulla tellus.

In sagittis dui vel nisl. Duis ac nibh. Fusce lacus purus, aliquet at, feugiat non, pretium quis, lectus.

Suspendisse potenti. In eleifend quam a odio. In hac habitasse platea dictumst.

Maecenas ut massa quis augue luctus tincidunt. Nulla mollis molestie lorem. Quisque ut erat.', 'http://dummyimage.com/728x210.png/5fa2dd/ffffff', '2020-02-11', '2020-06-12', 0, 5, 5);
insert into Post (Id, Title, Content, ImageLocation, CreateDateTime, PublishDateTime, IsApproved, CategoryId, UserProfileId) values (71, 'unleash granular communities', 'Duis aliquam convallis nunc. Proin at turpis a pede posuere nonummy. Integer non velit.

Donec diam neque, vestibulum eget, vulputate ut, ultrices vel, augue. Vestibulum ante ipsum primis in faucibus orci luctus et ultrices posuere cubilia Curae; Donec pharetra, magna vestibulum aliquet ultrices, erat tortor sollicitudin mi, sit amet lobortis sapien sapien non mi. Integer ac neque.

Duis bibendum. Morbi non quam nec dui luctus rutrum. Nulla tellus.

In sagittis dui vel nisl. Duis ac nibh. Fusce lacus purus, aliquet at, feugiat non, pretium quis, lectus.

Suspendisse potenti. In eleifend quam a odio. In hac habitasse platea dictumst.

Maecenas ut massa quis augue luctus tincidunt. Nulla mollis molestie lorem. Quisque ut erat.', 'http://dummyimage.com/728x210.png/dddddd/000000', '2019-09-27', '2019-10-16', 1, 5, 5);
insert into Post (Id, Title, Content, ImageLocation, CreateDateTime, PublishDateTime, IsApproved, CategoryId, UserProfileId) values (72, 'incentivize sticky functionalities', 'Cras non velit nec nisi vulputate nonummy. Maecenas tincidunt lacus at velit. Vivamus vel nulla eget eros elementum pellentesque.

Quisque porta volutpat erat. Quisque erat eros, viverra eget, congue eget, semper rutrum, nulla. Nunc purus.

Phasellus in felis. Donec semper sapien a libero. Nam dui.

Proin leo odio, porttitor id, consequat in, consequat ut, nulla. Sed accumsan felis. Ut at dolor quis odio consequat varius.', 'http://dummyimage.com/728x210.png/cc0000/ffffff', '2020-06-20', '2020-05-17', 0, 2, 5);
insert into Post (Id, Title, Content, ImageLocation, CreateDateTime, PublishDateTime, IsApproved, CategoryId, UserProfileId) values (73, 'transition real-time models', 'Mauris enim leo, rhoncus sed, vestibulum sit amet, cursus id, turpis. Integer aliquet, massa id lobortis convallis, tortor risus dapibus augue, vel accumsan tellus nisi eu orci. Mauris lacinia sapien quis libero.

Nullam sit amet turpis elementum ligula vehicula consequat. Morbi a ipsum. Integer a nibh.', 'http://dummyimage.com/728x210.png/cc0000/ffffff', '2020-07-06', '2020-06-16', 0, 2, 8);
insert into Post (Id, Title, Content, ImageLocation, CreateDateTime, PublishDateTime, IsApproved, CategoryId, UserProfileId) values (74, 'matrix end-to-end metrics', 'Donec diam neque, vestibulum eget, vulputate ut, ultrices vel, augue. Vestibulum ante ipsum primis in faucibus orci luctus et ultrices posuere cubilia Curae; Donec pharetra, magna vestibulum aliquet ultrices, erat tortor sollicitudin mi, sit amet lobortis sapien sapien non mi. Integer ac neque.

Duis bibendum. Morbi non quam nec dui luctus rutrum. Nulla tellus.

In sagittis dui vel nisl. Duis ac nibh. Fusce lacus purus, aliquet at, feugiat non, pretium quis, lectus.

Suspendisse potenti. In eleifend quam a odio. In hac habitasse platea dictumst.

Maecenas ut massa quis augue luctus tincidunt. Nulla mollis molestie lorem. Quisque ut erat.', 'http://dummyimage.com/728x210.png/cc0000/ffffff', '2019-10-01', '2019-09-22', 1, 4, 7);
insert into Post (Id, Title, Content, ImageLocation, CreateDateTime, PublishDateTime, IsApproved, CategoryId, UserProfileId) values (75, 'reintermediate sticky web-readiness', 'Nullam porttitor lacus at turpis. Donec posuere metus vitae ipsum. Aliquam non mauris.

Morbi non lectus. Aliquam sit amet diam in magna bibendum imperdiet. Nullam orci pede, venenatis non, sodales sed, tincidunt eu, felis.

Fusce posuere felis sed lacus. Morbi sem mauris, laoreet ut, rhoncus aliquet, pulvinar sed, nisl. Nunc rhoncus dui vel sem.

Sed sagittis. Nam congue, risus semper porta volutpat, quam pede lobortis ligula, sit amet eleifend pede libero quis orci. Nullam molestie nibh in lectus.

Pellentesque at nulla. Suspendisse potenti. Cras in purus eu magna vulputate luctus.

Cum sociis natoque penatibus et magnis dis parturient montes, nascetur ridiculus mus. Vivamus vestibulum sagittis sapien. Cum sociis natoque penatibus et magnis dis parturient montes, nascetur ridiculus mus.', 'http://dummyimage.com/728x210.png/dddddd/000000', '2019-08-07', '2019-09-15', 1, 4, 8);
insert into Post (Id, Title, Content, ImageLocation, CreateDateTime, PublishDateTime, IsApproved, CategoryId, UserProfileId) values (76, 'brand web-enabled synergies', 'Fusce posuere felis sed lacus. Morbi sem mauris, laoreet ut, rhoncus aliquet, pulvinar sed, nisl. Nunc rhoncus dui vel sem.

Sed sagittis. Nam congue, risus semper porta volutpat, quam pede lobortis ligula, sit amet eleifend pede libero quis orci. Nullam molestie nibh in lectus.

Pellentesque at nulla. Suspendisse potenti. Cras in purus eu magna vulputate luctus.

Cum sociis natoque penatibus et magnis dis parturient montes, nascetur ridiculus mus. Vivamus vestibulum sagittis sapien. Cum sociis natoque penatibus et magnis dis parturient montes, nascetur ridiculus mus.

Etiam vel augue. Vestibulum rutrum rutrum neque. Aenean auctor gravida sem.

Praesent id massa id nisl venenatis lacinia. Aenean sit amet justo. Morbi ut odio.', 'http://dummyimage.com/728x210.png/ff4444/ffffff', '2019-07-29', '2019-07-24', 0, 4, 6);
insert into Post (Id, Title, Content, ImageLocation, CreateDateTime, PublishDateTime, IsApproved, CategoryId, UserProfileId) values (77, 'innovate best-of-breed systems', 'Aenean fermentum. Donec ut mauris eget massa tempor convallis. Nulla neque libero, convallis eget, eleifend luctus, ultricies eu, nibh.', 'http://dummyimage.com/728x210.png/ff4444/ffffff', '2019-09-09', '2020-04-21', 0, 3, 9);
insert into Post (Id, Title, Content, ImageLocation, CreateDateTime, PublishDateTime, IsApproved, CategoryId, UserProfileId) values (78, 'exploit out-of-the-box convergence', 'Etiam vel augue. Vestibulum rutrum rutrum neque. Aenean auctor gravida sem.

Praesent id massa id nisl venenatis lacinia. Aenean sit amet justo. Morbi ut odio.

Cras mi pede, malesuada in, imperdiet et, commodo vulputate, justo. In blandit ultrices enim. Lorem ipsum dolor sit amet, consectetuer adipiscing elit.

Proin interdum mauris non ligula pellentesque ultrices. Phasellus id sapien in sapien iaculis congue. Vivamus metus arcu, adipiscing molestie, hendrerit at, vulputate vitae, nisl.

Aenean lectus. Pellentesque eget nunc. Donec quis orci eget orci vehicula condimentum.

Curabitur in libero ut massa volutpat convallis. Morbi odio odio, elementum eu, interdum eu, tincidunt in, leo. Maecenas pulvinar lobortis est.', 'http://dummyimage.com/728x210.png/5fa2dd/ffffff', '2020-03-04', '2019-09-05', 1, 3, 10);
insert into Post (Id, Title, Content, ImageLocation, CreateDateTime, PublishDateTime, IsApproved, CategoryId, UserProfileId) values (79, 'extend plug-and-play convergence', 'Cras non velit nec nisi vulputate nonummy. Maecenas tincidunt lacus at velit. Vivamus vel nulla eget eros elementum pellentesque.

Quisque porta volutpat erat. Quisque erat eros, viverra eget, congue eget, semper rutrum, nulla. Nunc purus.', 'http://dummyimage.com/728x210.png/ff4444/ffffff', '2019-12-05', '2020-02-16', 1, 5, 6);
insert into Post (Id, Title, Content, ImageLocation, CreateDateTime, PublishDateTime, IsApproved, CategoryId, UserProfileId) values (80, 'reintermediate 24/7 users', 'Fusce posuere felis sed lacus. Morbi sem mauris, laoreet ut, rhoncus aliquet, pulvinar sed, nisl. Nunc rhoncus dui vel sem.', 'http://dummyimage.com/728x210.png/cc0000/ffffff', '2019-11-16', '2020-01-02', 0, 4, 2);
insert into Post (Id, Title, Content, ImageLocation, CreateDateTime, PublishDateTime, IsApproved, CategoryId, UserProfileId) values (81, 'drive efficient paradigms', 'Pellentesque at nulla. Suspendisse potenti. Cras in purus eu magna vulputate luctus.

Cum sociis natoque penatibus et magnis dis parturient montes, nascetur ridiculus mus. Vivamus vestibulum sagittis sapien. Cum sociis natoque penatibus et magnis dis parturient montes, nascetur ridiculus mus.

Etiam vel augue. Vestibulum rutrum rutrum neque. Aenean auctor gravida sem.

Praesent id massa id nisl venenatis lacinia. Aenean sit amet justo. Morbi ut odio.

Cras mi pede, malesuada in, imperdiet et, commodo vulputate, justo. In blandit ultrices enim. Lorem ipsum dolor sit amet, consectetuer adipiscing elit.

Proin interdum mauris non ligula pellentesque ultrices. Phasellus id sapien in sapien iaculis congue. Vivamus metus arcu, adipiscing molestie, hendrerit at, vulputate vitae, nisl.', 'http://dummyimage.com/728x210.png/dddddd/000000', '2020-01-26', '2019-11-13', 1, 2, 8);
insert into Post (Id, Title, Content, ImageLocation, CreateDateTime, PublishDateTime, IsApproved, CategoryId, UserProfileId) values (82, 'enhance enterprise partnerships', 'Duis bibendum. Morbi non quam nec dui luctus rutrum. Nulla tellus.

In sagittis dui vel nisl. Duis ac nibh. Fusce lacus purus, aliquet at, feugiat non, pretium quis, lectus.

Suspendisse potenti. In eleifend quam a odio. In hac habitasse platea dictumst.', 'http://dummyimage.com/728x210.png/ff4444/ffffff', '2019-12-01', '2019-10-28', 1, 1, 2);
insert into Post (Id, Title, Content, ImageLocation, CreateDateTime, PublishDateTime, IsApproved, CategoryId, UserProfileId) values (83, 'e-enable vertical partnerships', 'Vestibulum quam sapien, varius ut, blandit non, interdum in, ante. Vestibulum ante ipsum primis in faucibus orci luctus et ultrices posuere cubilia Curae; Duis faucibus accumsan odio. Curabitur convallis.', 'http://dummyimage.com/728x210.png/ff4444/ffffff', '2020-04-28', '2019-09-04', 0, 2, 10);
insert into Post (Id, Title, Content, ImageLocation, CreateDateTime, PublishDateTime, IsApproved, CategoryId, UserProfileId) values (84, 'harness best-of-breed metrics', 'Aenean lectus. Pellentesque eget nunc. Donec quis orci eget orci vehicula condimentum.

Curabitur in libero ut massa volutpat convallis. Morbi odio odio, elementum eu, interdum eu, tincidunt in, leo. Maecenas pulvinar lobortis est.

Phasellus sit amet erat. Nulla tempus. Vivamus in felis eu sapien cursus vestibulum.

Proin eu mi. Nulla ac enim. In tempor, turpis nec euismod scelerisque, quam turpis adipiscing lorem, vitae mattis nibh ligula nec sem.', 'http://dummyimage.com/728x210.png/5fa2dd/ffffff', '2019-12-13', '2019-07-23', 1, 1, 8);
insert into Post (Id, Title, Content, ImageLocation, CreateDateTime, PublishDateTime, IsApproved, CategoryId, UserProfileId) values (85, 'synthesize B2B e-services', 'In hac habitasse platea dictumst. Etiam faucibus cursus urna. Ut tellus.

Nulla ut erat id mauris vulputate elementum. Nullam varius. Nulla facilisi.', 'http://dummyimage.com/728x210.png/ff4444/ffffff', '2019-12-29', '2019-10-26', 0, 3, 1);
insert into Post (Id, Title, Content, ImageLocation, CreateDateTime, PublishDateTime, IsApproved, CategoryId, UserProfileId) values (86, 'orchestrate strategic content', 'Duis consequat dui nec nisi volutpat eleifend. Donec ut dolor. Morbi vel lectus in quam fringilla rhoncus.

Mauris enim leo, rhoncus sed, vestibulum sit amet, cursus id, turpis. Integer aliquet, massa id lobortis convallis, tortor risus dapibus augue, vel accumsan tellus nisi eu orci. Mauris lacinia sapien quis libero.

Nullam sit amet turpis elementum ligula vehicula consequat. Morbi a ipsum. Integer a nibh.

In quis justo. Maecenas rhoncus aliquam lacus. Morbi quis tortor id nulla ultrices aliquet.

Maecenas leo odio, condimentum id, luctus nec, molestie sed, justo. Pellentesque viverra pede ac diam. Cras pellentesque volutpat dui.', 'http://dummyimage.com/728x210.png/5fa2dd/ffffff', '2020-06-20', '2020-05-08', 0, 3, 10);
insert into Post (Id, Title, Content, ImageLocation, CreateDateTime, PublishDateTime, IsApproved, CategoryId, UserProfileId) values (87, 'recontextualize interactive action-items', 'Maecenas ut massa quis augue luctus tincidunt. Nulla mollis molestie lorem. Quisque ut erat.

Curabitur gravida nisi at nibh. In hac habitasse platea dictumst. Aliquam augue quam, sollicitudin vitae, consectetuer eget, rutrum at, lorem.

Integer tincidunt ante vel ipsum. Praesent blandit lacinia erat. Vestibulum sed magna at nunc commodo placerat.

Praesent blandit. Nam nulla. Integer pede justo, lacinia eget, tincidunt eget, tempus vel, pede.', 'http://dummyimage.com/728x210.png/cc0000/ffffff', '2020-02-21', '2020-03-16', 0, 2, 4);
insert into Post (Id, Title, Content, ImageLocation, CreateDateTime, PublishDateTime, IsApproved, CategoryId, UserProfileId) values (88, 'exploit user-centric paradigms', 'Quisque porta volutpat erat. Quisque erat eros, viverra eget, congue eget, semper rutrum, nulla. Nunc purus.

Phasellus in felis. Donec semper sapien a libero. Nam dui.

Proin leo odio, porttitor id, consequat in, consequat ut, nulla. Sed accumsan felis. Ut at dolor quis odio consequat varius.', 'http://dummyimage.com/728x210.png/dddddd/000000', '2019-10-06', '2019-12-18', 0, 2, 2);
insert into Post (Id, Title, Content, ImageLocation, CreateDateTime, PublishDateTime, IsApproved, CategoryId, UserProfileId) values (89, 'syndicate 24/7 networks', 'In hac habitasse platea dictumst. Etiam faucibus cursus urna. Ut tellus.

Nulla ut erat id mauris vulputate elementum. Nullam varius. Nulla facilisi.

Cras non velit nec nisi vulputate nonummy. Maecenas tincidunt lacus at velit. Vivamus vel nulla eget eros elementum pellentesque.', 'http://dummyimage.com/728x210.png/dddddd/000000', '2020-01-25', '2019-11-28', 0, 1, 10);
insert into Post (Id, Title, Content, ImageLocation, CreateDateTime, PublishDateTime, IsApproved, CategoryId, UserProfileId) values (90, 'brand back-end bandwidth', 'Sed sagittis. Nam congue, risus semper porta volutpat, quam pede lobortis ligula, sit amet eleifend pede libero quis orci. Nullam molestie nibh in lectus.

Pellentesque at nulla. Suspendisse potenti. Cras in purus eu magna vulputate luctus.', 'http://dummyimage.com/728x210.png/dddddd/000000', '2020-05-20', '2019-11-05', 0, 1, 2);
insert into Post (Id, Title, Content, ImageLocation, CreateDateTime, PublishDateTime, IsApproved, CategoryId, UserProfileId) values (91, 'iterate ubiquitous markets', 'Praesent blandit. Nam nulla. Integer pede justo, lacinia eget, tincidunt eget, tempus vel, pede.

Morbi porttitor lorem id ligula. Suspendisse ornare consequat lectus. In est risus, auctor sed, tristique in, tempus sit amet, sem.

Fusce consequat. Nulla nisl. Nunc nisl.', 'http://dummyimage.com/728x210.png/dddddd/000000', '2020-04-08', '2019-08-21', 1, 4, 9);
insert into Post (Id, Title, Content, ImageLocation, CreateDateTime, PublishDateTime, IsApproved, CategoryId, UserProfileId) values (92, 'empower cross-media initiatives', 'Suspendisse potenti. In eleifend quam a odio. In hac habitasse platea dictumst.

Maecenas ut massa quis augue luctus tincidunt. Nulla mollis molestie lorem. Quisque ut erat.', 'http://dummyimage.com/728x210.png/cc0000/ffffff', '2019-09-14', '2020-02-12', 1, 1, 2);
insert into Post (Id, Title, Content, ImageLocation, CreateDateTime, PublishDateTime, IsApproved, CategoryId, UserProfileId) values (93, 'grow viral metrics', 'Cras mi pede, malesuada in, imperdiet et, commodo vulputate, justo. In blandit ultrices enim. Lorem ipsum dolor sit amet, consectetuer adipiscing elit.

Proin interdum mauris non ligula pellentesque ultrices. Phasellus id sapien in sapien iaculis congue. Vivamus metus arcu, adipiscing molestie, hendrerit at, vulputate vitae, nisl.

Aenean lectus. Pellentesque eget nunc. Donec quis orci eget orci vehicula condimentum.', 'http://dummyimage.com/728x210.png/5fa2dd/ffffff', '2020-04-16', '2020-02-21', 0, 4, 5);
insert into Post (Id, Title, Content, ImageLocation, CreateDateTime, PublishDateTime, IsApproved, CategoryId, UserProfileId) values (94, 'seize sticky communities', 'Nullam porttitor lacus at turpis. Donec posuere metus vitae ipsum. Aliquam non mauris.

Morbi non lectus. Aliquam sit amet diam in magna bibendum imperdiet. Nullam orci pede, venenatis non, sodales sed, tincidunt eu, felis.', 'http://dummyimage.com/728x210.png/ff4444/ffffff', '2019-11-03', '2020-02-16', 0, 2, 5);
insert into Post (Id, Title, Content, ImageLocation, CreateDateTime, PublishDateTime, IsApproved, CategoryId, UserProfileId) values (95, 'revolutionize granular channels', 'Cras non velit nec nisi vulputate nonummy. Maecenas tincidunt lacus at velit. Vivamus vel nulla eget eros elementum pellentesque.', 'http://dummyimage.com/728x210.png/cc0000/ffffff', '2020-04-15', '2020-05-26', 1, 2, 8);
insert into Post (Id, Title, Content, ImageLocation, CreateDateTime, PublishDateTime, IsApproved, CategoryId, UserProfileId) values (96, 'incentivize distributed content', 'Integer tincidunt ante vel ipsum. Praesent blandit lacinia erat. Vestibulum sed magna at nunc commodo placerat.

Praesent blandit. Nam nulla. Integer pede justo, lacinia eget, tincidunt eget, tempus vel, pede.

Morbi porttitor lorem id ligula. Suspendisse ornare consequat lectus. In est risus, auctor sed, tristique in, tempus sit amet, sem.

Fusce consequat. Nulla nisl. Nunc nisl.

Duis bibendum, felis sed interdum venenatis, turpis enim blandit mi, in porttitor pede justo eu massa. Donec dapibus. Duis at velit eu est congue elementum.', 'http://dummyimage.com/728x210.png/5fa2dd/ffffff', '2020-04-14', '2020-02-08', 1, 1, 2);
insert into Post (Id, Title, Content, ImageLocation, CreateDateTime, PublishDateTime, IsApproved, CategoryId, UserProfileId) values (97, 'visualize bleeding-edge functionalities', 'Praesent blandit. Nam nulla. Integer pede justo, lacinia eget, tincidunt eget, tempus vel, pede.

Morbi porttitor lorem id ligula. Suspendisse ornare consequat lectus. In est risus, auctor sed, tristique in, tempus sit amet, sem.

Fusce consequat. Nulla nisl. Nunc nisl.

Duis bibendum, felis sed interdum venenatis, turpis enim blandit mi, in porttitor pede justo eu massa. Donec dapibus. Duis at velit eu est congue elementum.

In hac habitasse platea dictumst. Morbi vestibulum, velit id pretium iaculis, diam erat fermentum justo, nec condimentum neque sapien placerat ante. Nulla justo.', 'http://dummyimage.com/728x210.png/dddddd/000000', '2020-02-05', '2020-03-22', 0, 3, 7);
insert into Post (Id, Title, Content, ImageLocation, CreateDateTime, PublishDateTime, IsApproved, CategoryId, UserProfileId) values (98, 'mesh bleeding-edge paradigms', 'Duis bibendum, felis sed interdum venenatis, turpis enim blandit mi, in porttitor pede justo eu massa. Donec dapibus. Duis at velit eu est congue elementum.

In hac habitasse platea dictumst. Morbi vestibulum, velit id pretium iaculis, diam erat fermentum justo, nec condimentum neque sapien placerat ante. Nulla justo.', 'http://dummyimage.com/728x210.png/cc0000/ffffff', '2020-05-07', '2020-01-08', 0, 1, 8);
insert into Post (Id, Title, Content, ImageLocation, CreateDateTime, PublishDateTime, IsApproved, CategoryId, UserProfileId) values (99, 'innovate dynamic mindshare', 'Curabitur in libero ut massa volutpat convallis. Morbi odio odio, elementum eu, interdum eu, tincidunt in, leo. Maecenas pulvinar lobortis est.', 'http://dummyimage.com/728x210.png/dddddd/000000', '2019-08-09', '2020-04-07', 0, 3, 8);
insert into Post (Id, Title, Content, ImageLocation, CreateDateTime, PublishDateTime, IsApproved, CategoryId, UserProfileId) values (100, 'enhance impactful e-business', 'Morbi porttitor lorem id ligula. Suspendisse ornare consequat lectus. In est risus, auctor sed, tristique in, tempus sit amet, sem.

Fusce consequat. Nulla nisl. Nunc nisl.

Duis bibendum, felis sed interdum venenatis, turpis enim blandit mi, in porttitor pede justo eu massa. Donec dapibus. Duis at velit eu est congue elementum.

In hac habitasse platea dictumst. Morbi vestibulum, velit id pretium iaculis, diam erat fermentum justo, nec condimentum neque sapien placerat ante. Nulla justo.', 'http://dummyimage.com/728x210.png/ff4444/ffffff', '2020-05-29', '2019-08-29', 1, 1, 7);
set identity_insert [Post] off

set identity_insert [Comment] on
insert into Comment (Id, PostId, UserProfileId, Subject, Content, CreateDateTime) values (1, 20, 4, 'Sed sagittis.', 'Vestibulum quam sapien, varius ut, blandit non, interdum in, ante. Vestibulum ante ipsum primis in faucibus orci luctus et ultrices posuere cubilia Curae; Duis faucibus accumsan odio. Curabitur convallis.', '2020-05-19');
insert into Comment (Id, PostId, UserProfileId, Subject, Content, CreateDateTime) values (2, 11, 8, 'Pellentesque viverra pede ac diam.', 'Maecenas leo odio, condimentum id, luctus nec, molestie sed, justo. Pellentesque viverra pede ac diam. Cras pellentesque volutpat dui.', '2020-05-11');
insert into Comment (Id, PostId, UserProfileId, Subject, Content, CreateDateTime) values (3, 15, 8, 'Vestibulum ante ipsum primis in faucibus orci luctus et ultrices posuere cubilia Curae; Nulla dapibus dolor vel est.', 'Integer tincidunt ante vel ipsum. Praesent blandit lacinia erat. Vestibulum sed magna at nunc commodo placerat.', '2020-07-01');
insert into Comment (Id, PostId, UserProfileId, Subject, Content, CreateDateTime) values (4, 5, 8, 'Quisque erat eros, viverra eget, congue eget, semper rutrum, nulla.', 'Praesent blandit. Nam nulla. Integer pede justo, lacinia eget, tincidunt eget, tempus vel, pede.', '2020-05-10');
insert into Comment (Id, PostId, UserProfileId, Subject, Content, CreateDateTime) values (5, 23, 8, 'Vivamus metus arcu, adipiscing molestie, hendrerit at, vulputate vitae, nisl.', 'Morbi porttitor lorem id ligula. Suspendisse ornare consequat lectus. In est risus, auctor sed, tristique in, tempus sit amet, sem.', '2020-05-27');
insert into Comment (Id, PostId, UserProfileId, Subject, Content, CreateDateTime) values (6, 15, 7, 'Nulla tempus.', 'Praesent blandit. Nam nulla. Integer pede justo, lacinia eget, tincidunt eget, tempus vel, pede.', '2020-06-02');
insert into Comment (Id, PostId, UserProfileId, Subject, Content, CreateDateTime) values (7, 20, 5, 'Quisque id justo sit amet sapien dignissim vestibulum.', 'Quisque porta volutpat erat. Quisque erat eros, viverra eget, congue eget, semper rutrum, nulla. Nunc purus.', '2020-06-04');
insert into Comment (Id, PostId, UserProfileId, Subject, Content, CreateDateTime) values (8, 22, 9, 'Nullam orci pede, venenatis non, sodales sed, tincidunt eu, felis.', 'Duis consequat dui nec nisi volutpat eleifend. Donec ut dolor. Morbi vel lectus in quam fringilla rhoncus.', '2020-05-28');
insert into Comment (Id, PostId, UserProfileId, Subject, Content, CreateDateTime) values (9, 7, 6, 'Nulla justo.', 'Cras mi pede, malesuada in, imperdiet et, commodo vulputate, justo. In blandit ultrices enim. Lorem ipsum dolor sit amet, consectetuer adipiscing elit.', '2020-05-04');
insert into Comment (Id, PostId, UserProfileId, Subject, Content, CreateDateTime) values (10, 1, 1, 'Etiam pretium iaculis justo.', 'Proin eu mi. Nulla ac enim. In tempor, turpis nec euismod scelerisque, quam turpis adipiscing lorem, vitae mattis nibh ligula nec sem.', '2020-05-16');
insert into Comment (Id, PostId, UserProfileId, Subject, Content, CreateDateTime) values (11, 14, 6, 'Nullam molestie nibh in lectus.', 'Nullam sit amet turpis elementum ligula vehicula consequat. Morbi a ipsum. Integer a nibh.', '2020-06-13');
insert into Comment (Id, PostId, UserProfileId, Subject, Content, CreateDateTime) values (12, 3, 9, 'Integer pede justo, lacinia eget, tincidunt eget, tempus vel, pede.', 'Fusce consequat. Nulla nisl. Nunc nisl.', '2020-06-23');
insert into Comment (Id, PostId, UserProfileId, Subject, Content, CreateDateTime) values (13, 23, 9, 'Morbi porttitor lorem id ligula.', 'Nulla ut erat id mauris vulputate elementum. Nullam varius. Nulla facilisi.', '2020-06-21');
insert into Comment (Id, PostId, UserProfileId, Subject, Content, CreateDateTime) values (14, 22, 5, 'Nullam molestie nibh in lectus.', 'Donec diam neque, vestibulum eget, vulputate ut, ultrices vel, augue. Vestibulum ante ipsum primis in faucibus orci luctus et ultrices posuere cubilia Curae; Donec pharetra, magna vestibulum aliquet ultrices, erat tortor sollicitudin mi, sit amet lobortis sapien sapien non mi. Integer ac neque.', '2020-06-09');
insert into Comment (Id, PostId, UserProfileId, Subject, Content, CreateDateTime) values (15, 12, 9, 'Phasellus sit amet erat.', 'Aenean fermentum. Donec ut mauris eget massa tempor convallis. Nulla neque libero, convallis eget, eleifend luctus, ultricies eu, nibh.', '2020-06-21');
insert into Comment (Id, PostId, UserProfileId, Subject, Content, CreateDateTime) values (16, 7, 10, 'Nulla ac enim.', 'Praesent id massa id nisl venenatis lacinia. Aenean sit amet justo. Morbi ut odio.', '2020-07-02');
insert into Comment (Id, PostId, UserProfileId, Subject, Content, CreateDateTime) values (17, 22, 10, 'Donec ut mauris eget massa tempor convallis.', 'Donec diam neque, vestibulum eget, vulputate ut, ultrices vel, augue. Vestibulum ante ipsum primis in faucibus orci luctus et ultrices posuere cubilia Curae; Donec pharetra, magna vestibulum aliquet ultrices, erat tortor sollicitudin mi, sit amet lobortis sapien sapien non mi. Integer ac neque.', '2020-06-21');
insert into Comment (Id, PostId, UserProfileId, Subject, Content, CreateDateTime) values (18, 7, 4, 'Morbi vestibulum, velit id pretium iaculis, diam erat fermentum justo, nec condimentum neque sapien placerat ante.', 'Suspendisse potenti. In eleifend quam a odio. In hac habitasse platea dictumst.', '2020-06-07');
insert into Comment (Id, PostId, UserProfileId, Subject, Content, CreateDateTime) values (19, 17, 8, 'Nulla tempus.', 'Aliquam quis turpis eget elit sodales scelerisque. Mauris sit amet eros. Suspendisse accumsan tortor quis turpis.', '2020-05-04');
insert into Comment (Id, PostId, UserProfileId, Subject, Content, CreateDateTime) values (20, 15, 7, 'Nulla mollis molestie lorem.', 'Duis bibendum. Morbi non quam nec dui luctus rutrum. Nulla tellus.', '2020-06-03');
insert into Comment (Id, PostId, UserProfileId, Subject, Content, CreateDateTime) values (21, 16, 3, 'Proin leo odio, porttitor id, consequat in, consequat ut, nulla.', 'Curabitur in libero ut massa volutpat convallis. Morbi odio odio, elementum eu, interdum eu, tincidunt in, leo. Maecenas pulvinar lobortis est.', '2020-06-14');
insert into Comment (Id, PostId, UserProfileId, Subject, Content, CreateDateTime) values (22, 21, 4, 'Donec posuere metus vitae ipsum.', 'Proin leo odio, porttitor id, consequat in, consequat ut, nulla. Sed accumsan felis. Ut at dolor quis odio consequat varius.', '2020-05-17');
insert into Comment (Id, PostId, UserProfileId, Subject, Content, CreateDateTime) values (23, 1, 3, 'Morbi vel lectus in quam fringilla rhoncus.', 'Fusce consequat. Nulla nisl. Nunc nisl.', '2020-06-06');
insert into Comment (Id, PostId, UserProfileId, Subject, Content, CreateDateTime) values (24, 3, 6, 'Suspendisse potenti.', 'Curabitur in libero ut massa volutpat convallis. Morbi odio odio, elementum eu, interdum eu, tincidunt in, leo. Maecenas pulvinar lobortis est.', '2020-06-27');
insert into Comment (Id, PostId, UserProfileId, Subject, Content, CreateDateTime) values (25, 22, 10, 'Curabitur convallis.', 'In hac habitasse platea dictumst. Etiam faucibus cursus urna. Ut tellus.', '2020-05-16');
insert into Comment (Id, PostId, UserProfileId, Subject, Content, CreateDateTime) values (26, 13, 1, 'Integer pede justo, lacinia eget, tincidunt eget, tempus vel, pede.', 'In quis justo. Maecenas rhoncus aliquam lacus. Morbi quis tortor id nulla ultrices aliquet.', '2020-05-22');
insert into Comment (Id, PostId, UserProfileId, Subject, Content, CreateDateTime) values (27, 1, 6, 'Fusce congue, diam id ornare imperdiet, sapien urna pretium nisl, ut volutpat sapien arcu sed augue.', 'Maecenas leo odio, condimentum id, luctus nec, molestie sed, justo. Pellentesque viverra pede ac diam. Cras pellentesque volutpat dui.', '2020-06-17');
insert into Comment (Id, PostId, UserProfileId, Subject, Content, CreateDateTime) values (28, 24, 3, 'Donec ut mauris eget massa tempor convallis.', 'Pellentesque at nulla. Suspendisse potenti. Cras in purus eu magna vulputate luctus.', '2020-06-01');
insert into Comment (Id, PostId, UserProfileId, Subject, Content, CreateDateTime) values (29, 11, 5, 'Praesent blandit.', 'Cras mi pede, malesuada in, imperdiet et, commodo vulputate, justo. In blandit ultrices enim. Lorem ipsum dolor sit amet, consectetuer adipiscing elit.', '2020-05-05');
insert into Comment (Id, PostId, UserProfileId, Subject, Content, CreateDateTime) values (30, 11, 7, 'Nam dui.', 'Phasellus sit amet erat. Nulla tempus. Vivamus in felis eu sapien cursus vestibulum.', '2020-06-10');
insert into Comment (Id, PostId, UserProfileId, Subject, Content, CreateDateTime) values (31, 22, 8, 'Donec ut dolor.', 'Quisque id justo sit amet sapien dignissim vestibulum. Vestibulum ante ipsum primis in faucibus orci luctus et ultrices posuere cubilia Curae; Nulla dapibus dolor vel est. Donec odio justo, sollicitudin ut, suscipit a, feugiat et, eros.', '2020-06-29');
insert into Comment (Id, PostId, UserProfileId, Subject, Content, CreateDateTime) values (32, 7, 10, 'Vestibulum ante ipsum primis in faucibus orci luctus et ultrices posuere cubilia Curae; Mauris viverra diam vitae quam.', 'Integer tincidunt ante vel ipsum. Praesent blandit lacinia erat. Vestibulum sed magna at nunc commodo placerat.', '2020-06-15');
set identity_insert [Comment] off